time,soil_moisture,lag_1,lag_2,lag_3,lag_7,lag_14,lag_30,rolling_mean_7,rolling_std_7,rolling_mean_14,target_3day
2016-01-31,0.37984312,0.37095445,0.3631248,0.364865,0.3754997,0.37599066,0.35848635,0.37045174837112427,0.005840279956038802,0.36885814368724823,0.37839663
2016-02-01,0.3773455,0.37984312,0.37095445,0.3631248,0.3753178,0.3733422,0.3676045,0.3707414184297834,0.006163212473592321,0.36914409484182087,0.3852059
2016-02-02,0.3788996,0.3773455,0.37984312,0.37095445,0.3712495,0.36763367,0.37720832,0.37183429087911335,0.006902274818285524,0.3699488043785095,0.38108057
2016-02-03,0.37839663,0.3788996,0.3773455,0.37984312,0.36780757,0.3652912,0.38601726,0.3733470141887665,0.007031830695640986,0.3708849059683936,0.37419504
2016-02-04,0.3852059,0.37839663,0.3788996,0.3773455,0.364865,0.36319178,0.38442558,0.3762528555733817,0.00714447369309883,0.3724573424884251,0.37005693
2016-02-05,0.38108057,0.3852059,0.37839663,0.3788996,0.3631248,0.36115807,0.38138378,0.3788179670061384,0.004304321315115595,0.3738803778375898,0.37870634
2016-02-06,0.37419504,0.38108057,0.3852059,0.37839663,0.37095445,0.36473516,0.382483,0.3792809077671596,0.0033960642916245135,0.37455608376434874,0.39678055
2016-02-07,0.37005693,0.37419504,0.38108057,0.3852059,0.37984312,0.3754997,0.37634858,0.3778828808239528,0.0048353541794970605,0.37416731459753855,0.39266962
2016-02-08,0.37870634,0.37005693,0.37419504,0.38108057,0.3773455,0.3753178,0.36963105,0.37807728563036236,0.004837503669461268,0.3744093520300729,0.38461018
2016-02-09,0.39678055,0.37870634,0.37005693,0.37419504,0.3788996,0.3712495,0.37370902,0.38063170654433115,0.008601057061661258,0.3762329987117222,0.37874308
2016-02-10,0.39266962,0.39678055,0.37870634,0.37005693,0.37839663,0.36780757,0.38563386,0.382670704807554,0.009614938442412607,0.3780088594981602,0.3811556
2016-02-11,0.38461018,0.39266962,0.39678055,0.37870634,0.3852059,0.364865,0.38708952,0.3825856021472386,0.00959136687578806,0.37941922886031015,0.38626546
2016-02-12,0.37874308,0.38461018,0.39266962,0.39678055,0.38108057,0.3631248,0.3868236,0.3822516756398337,0.009692653519598369,0.38053482132298605,0.3808809
2016-02-13,0.3811556,0.37874308,0.38461018,0.39266962,0.37419504,0.37095445,0.379873,0.38324604289872305,0.009065096064300901,0.3812634753329413,0.3738429
2016-02-14,0.38626546,0.3811556,0.37874308,0.38461018,0.37005693,0.37984312,0.37648872,0.38556154710905893,0.006960471349574248,0.38172221396650585,0.36834517
2016-02-15,0.3808809,0.38626546,0.3811556,0.37874308,0.37870634,0.3773455,0.37510794,0.385872198002679,0.006644898434244625,0.3819747418165207,0.36530247
2016-02-16,0.3738429,0.3808809,0.38626546,0.3811556,0.39678055,0.3788996,0.37599066,0.38259539008140564,0.0059927419483364166,0.38161354831286837,0.36177033
2016-02-17,0.36834517,0.3738429,0.3808809,0.38626546,0.39266962,0.37839663,0.3733422,0.37912046909332275,0.006225363071951568,0.38089558695043835,0.37219447
2016-02-18,0.36530247,0.36834517,0.3738429,0.3808809,0.38461018,0.3852059,0.36763367,0.3763622258390699,0.007528564006596344,0.3794739139931543,0.38280386
2016-02-19,0.36177033,0.36530247,0.36834517,0.3738429,0.37874308,0.38108057,0.3652912,0.37393754720687866,0.009184924997110879,0.3780946114233562,0.3789366
2016-02-20,0.37219447,0.36177033,0.36530247,0.36834517,0.3811556,0.37419504,0.36319178,0.37265738419124056,0.008618229243929146,0.3779517135449818,0.39166385
2016-02-21,0.38280386,0.37219447,0.36177033,0.36530247,0.38626546,0.37005693,0.36115807,0.37216286999838694,0.0077642634563538995,0.37886220855372293,0.38940468
2016-02-22,0.3789366,0.38280386,0.37219447,0.36177033,0.3808809,0.37870634,0.36473516,0.3718851123537336,0.007427898204582236,0.3788786551782063,0.37979713
2016-02-23,0.39166385,0.3789366,0.38280386,0.37219447,0.3738429,0.39678055,0.3754997,0.3744309629712786,0.010591176100603302,0.37851317652634214,0.3745882
2016-02-24,0.38940468,0.39166385,0.3789366,0.38280386,0.36834517,0.39266962,0.3753178,0.37743946484157015,0.01152429283370185,0.3782799669674465,0.37122563
2016-02-25,0.37979713,0.38940468,0.39166385,0.3789366,0.36530247,0.38461018,0.3712495,0.3795101302010672,0.01020697794033061,0.37793617802006857,0.3679078
2016-02-26,0.3745882,0.37979713,0.38940468,0.39166385,0.36177033,0.37874308,0.36780757,0.3813412530081613,0.0072012539671165166,0.37763940010751995,0.37764046
2016-02-27,0.37122563,0.3745882,0.37979713,0.38940468,0.37219447,0.3811556,0.364865,0.3812028467655182,0.007412562809555286,0.3769301154783794,0.3836821
2016-02-28,0.3679078,0.37122563,0.3745882,0.37979713,0.38280386,0.38626546,0.3631248,0.37907483748027254,0.008871046513232384,0.37561885373932974,0.3812613
2016-02-29,0.37764046,0.3679078,0.37122563,0.3745882,0.3789366,0.3808809,0.37095445,0.3788896756512778,0.00888792383662478,0.3753873940025057,0.378612
2016-03-01,0.3836821,0.37764046,0.3679078,0.37122563,0.39166385,0.3738429,0.37984312,0.3777494260243007,0.007355924964058217,0.37609019449778963,0.37537023
2016-03-02,0.3812613,0.3836821,0.37764046,0.3679078,0.38940468,0.36834517,0.3773455,0.3765860838549478,0.005652025805656975,0.37701277434825897,0.38108426
2016-03-03,0.378612,0.3812613,0.3836821,0.37764046,0.37979713,0.36530247,0.3788996,0.3764167811189379,0.005556757016104316,0.37796345566000256,0.38217607
2016-03-04,0.37537023,0.378612,0.3812613,0.3836821,0.3745882,0.36177033,0.37839663,0.3765285015106201,0.005521615727918738,0.3789348772593907,0.37710682
2016-03-05,0.38108426,0.37537023,0.378612,0.3812613,0.37122563,0.37219447,0.3852059,0.3779368783746447,0.005191005572080557,0.37956986257008146,0.37225693
2016-03-06,0.38217607,0.38108426,0.37537023,0.378612,0.3679078,0.38280386,0.38108057,0.3799752039568765,0.0028862901649846767,0.3795250207185745,0.36698538
2016-03-07,0.37710682,0.38217607,0.38108426,0.37537023,0.37764046,0.3789366,0.37419504,0.3798989696162088,0.0029642297333717185,0.3793943226337433,0.36304778
2016-03-08,0.37225693,0.37710682,0.38217607,0.38108426,0.3836821,0.39166385,0.37005693,0.37826680285590036,0.0036092653293496547,0.3780081144401005,0.3593384
2016-03-09,0.36698538,0.37225693,0.37710682,0.38217607,0.3812613,0.38940468,0.37870634,0.3762273873601641,0.005281253124172343,0.37640673560755594,0.35588297
2016-03-10,0.36304778,0.36698538,0.37225693,0.37710682,0.378612,0.37979713,0.39678055,0.3740039254937853,0.007080006855794184,0.3752103533063616,0.3519856
2016-03-11,0.3593384,0.36304778,0.36698538,0.37225693,0.37537023,0.3745882,0.39266962,0.3717136638505118,0.00891863826946959,0.374121082680566,0.34869856
2016-03-12,0.35588297,0.3593384,0.36304778,0.36698538,0.38108426,0.37122563,0.38461018,0.36811347944395884,0.009568402966356655,0.37302517890930176,0.3480758
2016-03-13,0.3519856,0.35588297,0.3593384,0.36304778,0.38217607,0.3679078,0.37874308,0.3638005554676056,0.008957945326916489,0.371887879712241,0.3516687
2016-03-14,0.34869856,0.3519856,0.35588297,0.3593384,0.37710682,0.37764046,0.3811556,0.3597422327314104,0.008338591406955953,0.3698206011738096,0.3475697
2016-03-15,0.3480758,0.34869856,0.3519856,0.35588297,0.37225693,0.3836821,0.38626546,0.3562877859388079,0.007224356310675804,0.3672772943973541,0.34441128
2016-03-16,0.3516687,0.3480758,0.34869856,0.3519856,0.36698538,0.3812613,0.3808809,0.3540996866566794,0.00557570698053887,0.36516353700842175,0.34030122
2016-03-17,0.3475697,0.3516687,0.3480758,0.34869856,0.36304778,0.378612,0.3738429,0.35188853314944674,0.004375670889440802,0.362946229321616,0.33816278
2016-03-18,0.34441128,0.3475697,0.3516687,0.3480758,0.3593384,0.37537023,0.36834517,0.34975608757564,0.003729530965621551,0.3607348757130759,0.33710632
2016-03-19,0.34030122,0.34441128,0.3475697,0.3516687,0.35588297,0.38108426,0.36530247,0.3475301223141806,0.004095278632421105,0.35782180087906973,0.3380191
2016-03-20,0.33816278,0.34030122,0.34441128,0.3475697,0.3519856,0.38217607,0.36177033,0.3455554332051958,0.004851595189916675,0.35467799433640074,0.33975577
2016-03-21,0.33710632,0.33816278,0.34030122,0.34441128,0.34869856,0.37710682,0.37219447,0.3438993990421295,0.005530808373722615,0.35182081588677,0.34349126
2016-03-22,0.3380191,0.33710632,0.33816278,0.34030122,0.3480758,0.37225693,0.38280386,0.34246272700173513,0.0055711513064361645,0.3493752564702715,0.35563502
2016-03-23,0.33975577,0.3380191,0.33710632,0.33816278,0.3516687,0.36698538,0.3789366,0.3407608824116843,0.0038412315331448196,0.34743028453418184,0.36421186
2016-03-24,0.34349126,0.33975577,0.3380191,0.33710632,0.3475697,0.36304778,0.39166385,0.34017824700900484,0.002806213317655186,0.3460333900792258,0.3587315
2016-03-25,0.35563502,0.34349126,0.33975577,0.3380191,0.34441128,0.3593384,0.38940468,0.34178163749831064,0.006458148795368239,0.3457688625369753,0.36551225
2016-03-26,0.36421186,0.35563502,0.34349126,0.33975577,0.34030122,0.35588297,0.37979713,0.34519744345120024,0.010563262716999871,0.34636378288269043,0.37397152
2016-03-27,0.3587315,0.36421186,0.35563502,0.34349126,0.33816278,0.3519856,0.3745882,0.34813583322933744,0.011126099881911107,0.34684563321726664,0.37202826
2016-03-28,0.36551225,0.3587315,0.36421186,0.35563502,0.33710632,0.34869856,0.37122563,0.3521938238825117,0.011602868012433246,0.3480466114623206,0.37516052
2016-03-29,0.37397152,0.36551225,0.3587315,0.36421186,0.3380191,0.3480758,0.3679078,0.35732988374573843,0.012223276373214173,0.3498963053737368,0.38384494
2016-03-30,0.37202826,0.37397152,0.36551225,0.3587315,0.33975577,0.3516687,0.37764046,0.3619402391569955,0.01044713860046449,0.3513505607843399,0.37828434
2016-03-31,0.37516052,0.37202826,0.37397152,0.36551225,0.34349126,0.3475697,0.3836821,0.36646441902433124,0.007593742336704424,0.35332133301666807,0.36954495
2016-04-01,0.38384494,0.37516052,0.37202826,0.37397152,0.35563502,0.34441128,0.3812613,0.37049440826688496,0.008337770205799134,0.35613802288259777,0.36215958
2016-04-02,0.37828434,0.38384494,0.37516052,0.37202826,0.36421186,0.34030122,0.378612,0.3725047622408186,0.008266723701513597,0.3588511028460094,0.36009797
2016-04-03,0.36954495,0.37828434,0.38384494,0.37516052,0.3587315,0.33816278,0.37537023,0.37404954007693697,0.00594959241388614,0.3610926866531372,0.3610113
2016-04-04,0.36215958,0.36954495,0.37828434,0.38384494,0.36551225,0.33710632,0.38108426,0.3735705869538443,0.0068223405966636496,0.362882205418178,0.35468662
2016-04-05,0.36009797,0.36215958,0.36954495,0.37828434,0.37397152,0.3380191,0.38217607,0.3715886516230447,0.008496274185434114,0.3644592676843916,0.3520742
2016-04-06,0.3610113,0.36009797,0.36215958,0.36954495,0.37202826,0.33975577,0.37710682,0.3700147994926998,0.0093761058094811,0.3659775193248476,0.34457883
2016-04-07,0.35468662,0.3610113,0.36009797,0.36215958,0.37516052,0.34349126,0.37225693,0.3670899569988251,0.010614926572072879,0.36677718801157816,0.33903584
2016-04-08,0.3520742,0.35468662,0.3610113,0.36009797,0.38384494,0.35563502,0.36698538,0.36255128043038504,0.008912595638759993,0.36652284434863497,0.3337047
2016-04-09,0.34457883,0.3520742,0.35468662,0.3610113,0.37828434,0.36421186,0.36304778,0.35773620860917227,0.008060103678740417,0.3651204854249954,0.33766273
2016-04-10,0.33903584,0.34457883,0.3520742,0.35468662,0.36954495,0.3587315,0.3593384,0.35337776371410917,0.00882304480067961,0.36371365189552307,0.35789737
2016-04-11,0.3337047,0.33903584,0.34457883,0.3520742,0.36215958,0.36551225,0.35588297,0.34931278228759766,0.010498547077047348,0.361441684620721,0.36120135
2016-04-12,0.33766273,0.3337047,0.33903584,0.34457883,0.36009797,0.37397152,0.3519856,0.3461077468735831,0.010073187223338565,0.3588481992483139,0.35769796
2016-04-13,0.35789737,0.33766273,0.3337047,0.33903584,0.3610113,0.37202826,0.34869856,0.34566290037972586,0.009347984031502048,0.3578388499362128,0.36844748
2016-04-14,0.36120135,0.35789737,0.33766273,0.3337047,0.35468662,0.37516052,0.3480758,0.34659357581819805,0.010632195979950127,0.35684176640851156,0.38182643
2016-04-15,0.35769796,0.36120135,0.35789737,0.33766273,0.3520742,0.38384494,0.3516687,0.34739696979522705,0.011306440492701493,0.35497412511280607,0.37482044
2016-04-16,0.36844748,0.35769796,0.36120135,0.35789737,0.34457883,0.37828434,0.3475697,0.3508067769663675,0.013667530107177464,0.35427149278776987,0.36494628
2016-04-17,0.38182643,0.36844748,0.35769796,0.36120135,0.33903584,0.36954495,0.34441128,0.35691971864019123,0.016747615794140667,0.3551487411771502,0.35878235
2016-04-18,0.37482044,0.38182643,0.36844748,0.35769796,0.3337047,0.36215958,0.34030122,0.3627933944974627,0.014276405754588982,0.3560530883925302,0.35128507
2016-04-19,0.36494628,0.37482044,0.38182643,0.36844748,0.33766273,0.36009797,0.33816278,0.3666910443987165,0.009033615702551684,0.3563993956361498,0.34346825
2016-04-20,0.35878235,0.36494628,0.37482044,0.38182643,0.35789737,0.3610113,0.33710632,0.3668174701077597,0.008895168462486475,0.3562401852437428,0.34692138
2016-04-21,0.35128507,0.35878235,0.36494628,0.37482044,0.36120135,0.35468662,0.3380191,0.3654008592878069,0.010570487413484021,0.3559972175530025,0.3592508
2016-04-22,0.34346825,0.35128507,0.35878235,0.36494628,0.35769796,0.3520742,0.33975577,0.3633680428777422,0.013311584101289133,0.35538250633648466,0.3666593
2016-04-23,0.34692138,0.34346825,0.35128507,0.35878235,0.36844748,0.34457883,0.34349126,0.3602928859846933,0.014385672083610978,0.3555498314755304,0.37749562
2016-04-24,0.3592508,0.34692138,0.34346825,0.35128507,0.38182643,0.33903584,0.35563502,0.35706779786518644,0.010849496046606231,0.3569937582526888,0.37170494
2016-04-25,0.3666593,0.3592508,0.34692138,0.34346825,0.37482044,0.3337047,0.36421186,0.3559019224984305,0.008884399826681108,0.3593476584979466,0.36481565
2016-04-26,0.37749562,0.3666593,0.3592508,0.34692138,0.36494628,0.33766273,0.3587315,0.35769468545913696,0.011801021617271416,0.3621928649289267,0.357302
2016-04-27,0.37170494,0.37749562,0.3666593,0.3592508,0.35878235,0.35789737,0.36551225,0.3595407690320696,0.012953973650218886,0.36317911956991467,0.35098964
2016-04-28,0.36481565,0.37170494,0.37749562,0.3666593,0.35128507,0.36120135,0.37397152,0.3614737093448639,0.012518963102202508,0.36343728431633543,0.34354335
2016-04-29,0.357302,0.36481565,0.37170494,0.37749562,0.34346825,0.35769796,0.37202826,0.36344996094703674,0.010051650753698994,0.3634090019123895,0.3369523
2016-04-30,0.35098964,0.357302,0.36481565,0.37170494,0.34692138,0.36844748,0.37516052,0.36403114029339384,0.008999217285322424,0.36216201313904356,0.3317253
2016-05-01,0.34354335,0.35098964,0.357302,0.36481565,0.3592508,0.38182643,0.38384494,0.36178721700395855,0.011885335003196372,0.35942750743457247,0.33046117
2016-05-02,0.3369523,0.34354335,0.35098964,0.357302,0.3666593,0.37482044,0.37828434,0.3575433577810015,0.014801636033766028,0.356722640139716,0.32274088
2016-05-03,0.3317253,0.3369523,0.34354335,0.35098964,0.37749562,0.36494628,0.36954495,0.35100474102156504,0.014627232123300011,0.35434971324035097,0.31719512
2016-05-04,0.33046117,0.3317253,0.3369523,0.34354335,0.37170494,0.35878235,0.36215958,0.3451127750532968,0.013129284946016062,0.3523267720426832,0.31054503
2016-05-05,0.32274088,0.33046117,0.3317253,0.3369523,0.36481565,0.35128507,0.36009797,0.33910209366253447,0.012204295005509562,0.35028790150369915,0.30371276
2016-05-06,0.31719512,0.32274088,0.33046117,0.3317253,0.357302,0.34346825,0.3610113,0.33337253757885527,0.01163724522075549,0.348411249262946,0.29694647
2016-05-07,0.31054503,0.31719512,0.32274088,0.33046117,0.35098964,0.34692138,0.35468662,0.327594735792705,0.011471739492620583,0.3458129380430494,0.30063373
2016-05-08,0.30371276,0.31054503,0.31719512,0.32274088,0.34354335,0.3592508,0.3520742,0.321904650756291,0.012103415743801369,0.3418459338801248,0.30672437
2016-05-09,0.29694647,0.30371276,0.31054503,0.31719512,0.3369523,0.3666593,0.34457883,0.31618953176907133,0.013208565494695089,0.3368664447750364,0.29688618
2016-05-10,0.30063373,0.29694647,0.30371276,0.31054503,0.3317253,0.37749562,0.33903584,0.31174787878990173,0.012310714756406804,0.33137630990573336,0.31170377
2016-05-11,0.30672437,0.30063373,0.29694647,0.30371276,0.33046117,0.37170494,0.3337047,0.30835690668651033,0.009164056258024612,0.32673484086990356,0.3272572
2016-05-12,0.29688618,0.30672437,0.30063373,0.29694647,0.32274088,0.36481565,0.33766273,0.30466337714876446,0.0074505407055712675,0.32188273540564943,0.3183599
2016-05-13,0.31170377,0.29688618,0.30672437,0.30063373,0.31719512,0.357302,0.35789737,0.3038788991315024,0.006072864995122071,0.31862571835517883,0.31052697
2016-05-14,0.3272572,0.31170377,0.29688618,0.30672437,0.31054503,0.35098964,0.36120135,0.30626635040555683,0.010673063534582293,0.3169305430991309,0.30514497
2016-05-15,0.3183599,0.3272572,0.31170377,0.29688618,0.30371276,0.34354335,0.35769796,0.3083588012627193,0.01149326345045729,0.3151317260095051,0.30066568
2016-05-16,0.31052697,0.3183599,0.3272572,0.31170377,0.29694647,0.3369523,0.36844748,0.3102988728455135,0.010333465296840894,0.3132442023072924,0.29962248
2016-05-17,0.30514497,0.31052697,0.3183599,0.3272572,0.30063373,0.3317253,0.38182643,0.3109433352947235,0.009754686493869453,0.3113456070423126,0.298708
2016-05-18,0.30066568,0.30514497,0.31052697,0.3183599,0.30672437,0.33046117,0.37482044,0.3100778077329908,0.010436395307255961,0.3092173572097506,0.29208714
2016-05-19,0.29962248,0.30066568,0.30514497,0.31052697,0.29688618,0.32274088,0.36494628,0.3104687077658517,0.009897266209729718,0.30756604245730806,0.29079717
2016-05-20,0.298708,0.29962248,0.30066568,0.30514497,0.31170377,0.31719512,0.35878235,0.3086121678352356,0.010804298095518371,0.306245533483369,0.29150012
2016-05-21,0.29208714,0.298708,0.29962248,0.30066568,0.3272572,0.31054503,0.35128507,0.30358787519591196,0.008651901914933518,0.30492711280073437,0.31178734
2016-05-22,0.29079717,0.29208714,0.298708,0.29962248,0.3183599,0.30371276,0.34346825,0.2996503412723541,0.006904011026253265,0.3040045712675367,0.32685548
2016-05-23,0.29150012,0.29079717,0.29208714,0.298708,0.31052697,0.29694647,0.34692138,0.2969322204589844,0.005513620114983082,0.30361554665224894,0.31949344
2016-05-24,0.31178734,0.29150012,0.29079717,0.29208714,0.30514497,0.30063373,0.3592508,0.29788113066128324,0.007408579850981129,0.30441223297800335,0.31856313
2016-05-25,0.32685548,0.31178734,0.29150012,0.29079717,0.30066568,0.30672437,0.3666593,0.301622531243733,0.013310991990662989,0.3058501694883619,0.33674473
2016-05-26,0.31949344,0.32685548,0.31178734,0.29150012,0.29962248,0.29688618,0.37749562,0.3044612407684326,0.014843946031045217,0.30746497426714214,0.36464983
2016-05-27,0.31856313,0.31949344,0.32685548,0.31178734,0.298708,0.31170377,0.37170494,0.3072976895741054,0.015446152782012258,0.3079549287046705,0.37265253
2016-05-28,0.33674473,0.31856313,0.31949344,0.32685548,0.29208714,0.3272572,0.36481565,0.31367734500340055,0.01723547136634765,0.30863261009965626,0.36460978
2016-05-29,0.36464983,0.33674473,0.31856313,0.31949344,0.29079717,0.3183599,0.357302,0.32422772475651335,0.022649089306731762,0.3119390330144337,0.35359138
2016-05-30,0.37265253,0.36464983,0.33674473,0.31856313,0.29150012,0.31052697,0.35098964,0.33582092608724323,0.023843018063484576,0.3163765732731138,0.35104498
2016-05-31,0.36460978,0.37265253,0.36464983,0.33674473,0.31178734,0.30514497,0.34354335,0.3433669890676226,0.02332209319400431,0.3206240598644529,0.3531827
2016-06-01,0.35359138,0.36460978,0.37265253,0.36464983,0.32685548,0.30066568,0.3369523,0.3471864036151341,0.022335744912943403,0.3244044674294336,0.37816828
2016-06-02,0.35104498,0.35359138,0.36460978,0.37265253,0.31949344,0.29962248,0.3317253,0.3516937664576939,0.018704221085593182,0.32807750361306326,0.39276156
2016-06-03,0.3531827,0.35104498,0.35359138,0.36460978,0.31856313,0.298708,0.33046117,0.3566394192831857,0.011778858437806562,0.33196855442864553,0.38005692
2016-06-04,0.37816828,0.3531827,0.35104498,0.35359138,0.33674473,0.29208714,0.32274088,0.3625570705958775,0.010448381685075184,0.338117207799639,0.36585042
2016-06-05,0.39276156,0.37816828,0.3531827,0.35104498,0.36464983,0.29079717,0.31719512,0.36657303145953585,0.015545888594745878,0.3454003781080246,0.35222688
2016-06-06,0.38005692,0.39276156,0.37816828,0.3531827,0.37265253,0.29150012,0.31054503,0.3676308010305677,0.01626381799454427,0.35172586355890545,0.34233946
2016-06-07,0.36585042,0.38005692,0.39276156,0.37816828,0.36460978,0.31178734,0.30371276,0.36780803544180735,0.0162321386482583,0.35558751225471497,0.33199745
2016-06-08,0.35222688,0.36585042,0.38005692,0.39276156,0.35359138,0.32685548,0.29694647,0.3676131069660187,0.016438202740664126,0.3573997552905764,0.32462895
2016-06-09,0.34233946,0.35222688,0.36585042,0.38005692,0.35104498,0.31949344,0.30063373,0.3663694603102548,0.018141642444183693,0.3590316133839743,0.33502746
2016-06-10,0.33199745,0.34233946,0.35222688,0.36585042,0.3531827,0.31856313,0.30672437,0.36334299615451265,0.02205350686850095,0.3599912077188492,0.35869285
2016-06-11,0.32462895,0.33199745,0.34233946,0.35222688,0.37816828,0.33674473,0.29688618,0.3556945196219853,0.025125143072271608,0.3591257951089314,0.3635021
2016-06-12,0.33502746,0.32462895,0.33199745,0.34233946,0.39276156,0.36464983,0.31170377,0.34744679076331003,0.019852052027555512,0.35700991111142294,0.35815677
2016-06-13,0.35869285,0.33502746,0.32462895,0.33199745,0.38005692,0.37265253,0.3272572,0.34439478175980703,0.015069141103644839,0.3560127913951874,0.3547631
2016-06-14,0.3635021,0.35869285,0.33502746,0.32462895,0.36585042,0.36460978,0.3183599,0.344059305531638,0.014528311186243101,0.3559336704867227,0.35490584
2016-06-15,0.35815677,0.3635021,0.35869285,0.33502746,0.35222688,0.35359138,0.31052697,0.34490643228803364,0.015239404966805257,0.35625976962702616,0.36223933
2016-06-16,0.3547631,0.35815677,0.3635021,0.35869285,0.34233946,0.35104498,0.30514497,0.34668123722076416,0.01560956758449486,0.35652534876550945,0.36115596
2016-06-17,0.35490584,0.3547631,0.35815677,0.3635021,0.33199745,0.3531827,0.30066568,0.349953864301954,0.014370175436670934,0.35664843022823334,0.3573459
2016-06-18,0.36223933,0.35490584,0.3547631,0.35815677,0.32462895,0.37816828,0.29962248,0.35532677599361967,0.009543896458326555,0.35551064780780245,0.3542102
2016-06-19,0.36115596,0.36223933,0.35490584,0.3547631,0.33502746,0.39276156,0.298708,0.35905941895076204,0.0034376436660338693,0.35325310485703604,0.34532887
2016-06-20,0.3573459,0.36115596,0.36223933,0.35490584,0.35869285,0.38005692,0.29208714,0.3588669981275286,0.0034987362195803328,0.3516308899436678,0.33600083
2016-06-21,0.3542102,0.3573459,0.36115596,0.36223933,0.3635021,0.36585042,0.29079717,0.35753958565848215,0.0031967306119824175,0.3507994455950601,0.32519978
2016-06-22,0.34532887,0.3542102,0.3573459,0.36115596,0.35815677,0.35222688,0.29150012,0.35570702808243887,0.0055756519974539676,0.3503067301852362,0.3225894
2016-06-23,0.33600083,0.34532887,0.3542102,0.3573459,0.3547631,0.34233946,0.31178734,0.35302670512880596,0.009342391563032834,0.34985397117478506,0.32388908
2016-06-24,0.32519978,0.33600083,0.34532887,0.3542102,0.35490584,0.33199745,0.32685548,0.34878298214503695,0.013954830878368133,0.3493684232234955,0.31324744
2016-06-25,0.3225894,0.32519978,0.33600083,0.34532887,0.36223933,0.32462895,0.31949344,0.3431187059198107,0.01553955280609426,0.3492227409567152,0.3072334
2016-06-26,0.32388908,0.3225894,0.32519978,0.33600083,0.36115596,0.33502746,0.31856313,0.3377948658806937,0.014690697242161889,0.34842714241572786,0.30444592
2016-06-27,0.31324744,0.32388908,0.3225894,0.32519978,0.3573459,0.35869285,0.33674473,0.3314950849328722,0.014360951440091762,0.3451810415302004,0.2964789
2016-06-28,0.3072334,0.31324744,0.32388908,0.3225894,0.3542102,0.3635021,0.36464983,0.3247841128281185,0.012876431048603261,0.3411618492433003,0.28977093
2016-06-29,0.30444592,0.3072334,0.31324744,0.32388908,0.34532887,0.35815677,0.37265253,0.31894369210515705,0.011162409453093138,0.33732536009379793,0.2873436
2016-06-30,0.2964789,0.30444592,0.3072334,0.31324744,0.33600083,0.3547631,0.36460978,0.31329770173345295,0.011091865721098023,0.33316220343112946,0.2890754
2016-07-01,0.28977093,0.2964789,0.30444592,0.3072334,0.32519978,0.35490584,0.35359138,0.30823643718447,0.012719483252256426,0.3285097096647535,0.28207576
2016-07-02,0.2873436,0.28977093,0.2964789,0.30444592,0.3225894,0.36223933,0.35104498,0.30320132204464506,0.013062340071884311,0.3231600139822279,0.27798885
2016-07-03,0.2890754,0.2873436,0.28977093,0.2964789,0.32388908,0.36115596,0.3531827,0.29822794028690885,0.010183033619914314,0.31801140308380127,0.27262115
2016-07-04,0.28207576,0.2890754,0.2873436,0.28977093,0.31324744,0.3573459,0.37816828,0.2937748432159424,0.009297507978873291,0.31263496407440733,0.26838058
2016-07-05,0.27798885,0.28207576,0.2890754,0.2873436,0.3072334,0.3542102,0.39276156,0.2895970514842442,0.008799141075338576,0.30719058215618134,0.2635117
2016-07-06,0.27262115,0.27798885,0.28207576,0.2890754,0.30444592,0.34532887,0.38005692,0.28505065611430574,0.008036929637405037,0.3019971741097314,0.25928956
2016-07-07,0.26838058,0.27262115,0.27798885,0.28207576,0.2964789,0.33600083,0.36585042,0.28103661111422945,0.008387015655884315,0.2971671564238412,0.2566297
2016-07-08,0.2635117,0.26838058,0.27262115,0.27798885,0.28977093,0.32519978,0.35222688,0.27728529061589924,0.009612318090382642,0.29276086390018463,0.2521448
2016-07-09,0.25928956,0.2635117,0.26838058,0.27262115,0.2873436,0.3225894,0.34233946,0.2732775722231184,0.010524765356494721,0.2882394471338817,0.24958405
2016-07-10,0.2566297,0.25928956,0.2635117,0.26838058,0.2890754,0.32388908,0.33199745,0.26864247236933025,0.009502762996448253,0.2834352063281195,0.26123482
2016-07-11,0.2521448,0.2566297,0.25928956,0.2635117,0.28207576,0.31324744,0.32462895,0.2643666224820273,0.00917927228506375,0.27907073284898487,0.2796774
2016-07-12,0.24958405,0.2521448,0.2566297,0.25928956,0.27798885,0.3072334,0.33502746,0.2603087936128889,0.008398926316501597,0.27495292254856657,0.27989978
2016-07-13,0.26123482,0.24958405,0.2521448,0.2566297,0.27262115,0.30444592,0.35869285,0.25868217434201923,0.006506328136020124,0.2718664152281625,0.27301568
2016-07-14,0.2796774,0.26123482,0.24958405,0.2521448,0.26838058,0.2964789,0.3635021,0.2602960041591099,0.009853110467335517,0.2706663076366697,0.26791292
2016-07-15,0.27989978,0.2796774,0.26123482,0.24958405,0.2635117,0.28977093,0.35815677,0.26263715965407236,0.01237001011956479,0.26996122513498577,0.26303062
2016-07-16,0.27301568,0.27989978,0.2796774,0.26123482,0.25928956,0.2873436,0.3547631,0.26459803325789316,0.012830269946152082,0.26893780274050577,0.2574675
2016-07-17,0.26791292,0.27301568,0.27989978,0.2796774,0.2566297,0.2890754,0.35490584,0.26620992166655405,0.012362590921932357,0.2674261970179422,0.25214526
2016-07-18,0.26303062,0.26791292,0.27301568,0.27989978,0.2521448,0.28207576,0.36223933,0.2677650366510664,0.010896130428649125,0.26606582956654684,0.2610993
2016-07-19,0.2574675,0.26303062,0.26791292,0.27301568,0.24958405,0.27798885,0.36115596,0.26889124512672424,0.008934635867822532,0.26460001936980654,0.28186864
2016-07-20,0.25214526,0.2574675,0.26303062,0.26791292,0.26123482,0.27262115,0.3573459,0.2675927366529192,0.010715802894327116,0.2631374554974692,0.29113498
2016-07-21,0.2610993,0.25214526,0.2574675,0.26303062,0.2796774,0.26838058,0.3542102,0.26493872489248005,0.009449778439186662,0.262617364525795,0.31283104
2016-07-22,0.28186864,0.2610993,0.25214526,0.2574675,0.27989978,0.2635117,0.34532887,0.26521999069622587,0.009983527792744156,0.2639285751751491,0.3127026
2016-07-23,0.29113498,0.28186864,0.2610993,0.25214526,0.27301568,0.25928956,0.33600083,0.26780846289225985,0.013916044380781928,0.2662032480750765,0.30871123
2016-07-24,0.31283104,0.29113498,0.28186864,0.2610993,0.26791292,0.2566297,0.32519978,0.2742253371647426,0.021987593980891475,0.2702176294156483,0.30954343
2016-07-25,0.3127026,0.31283104,0.29113498,0.28186864,0.26303062,0.2521448,0.3225894,0.28132133398737225,0.025506310566887052,0.27454318531921934,0.31325293
2016-07-26,0.30871123,0.3127026,0.31283104,0.29113498,0.2574675,0.24958405,0.32388908,0.2886418657643454,0.024864638276402874,0.27876655544553486,0.30912644
2016-07-27,0.30954343,0.30871123,0.3127026,0.31283104,0.25214526,0.26123482,0.31324744,0.2968416043690273,0.019764128524616804,0.2822171705109732,0.29878125
2016-07-28,0.31325293,0.30954343,0.30871123,0.3127026,0.2610993,0.2796774,0.3072334,0.3042921211038317,0.012562994843386107,0.28461542299815584,0.29019618
2016-07-29,0.30912644,0.31325293,0.30954343,0.30871123,0.28186864,0.27989978,0.30444592,0.30818609254700796,0.007760905143323777,0.2867030416216169,0.28374794
2016-07-30,0.29878125,0.30912644,0.31325293,0.30954343,0.29113498,0.27301568,0.2964789,0.309278415782111,0.0050124597183835405,0.28854343933718546,0.290696
2016-07-31,0.29019618,0.29878125,0.30912644,0.31325293,0.31283104,0.26791292,0.28977093,0.3060448638030461,0.008456437847740013,0.29013510048389435,0.30334395
2016-08-01,0.28374794,0.29019618,0.29878125,0.30912644,0.3127026,0.26303062,0.2873436,0.30190848452704294,0.011270373895124657,0.2916149092572076,0.31669262
2016-08-02,0.290696,0.28374794,0.29019618,0.29878125,0.30871123,0.2574675,0.2890754,0.2993348794324057,0.011512358773767361,0.29398837259837557,0.3285619
2016-08-03,0.30334395,0.290696,0.28374794,0.29019618,0.30954343,0.25214526,0.28207576,0.298449239560536,0.010813371819725321,0.2976454219647816,0.32141328
2016-08-04,0.31669262,0.30334395,0.290696,0.28374794,0.31325293,0.2610993,0.27798885,0.2989406245095389,0.011644424035711835,0.3016163728066853,0.31067356
2016-08-05,0.3285619,0.31669262,0.30334395,0.290696,0.30912644,0.28186864,0.27262115,0.3017171195575169,0.015985735861461126,0.30495160605226246,0.30162993
2016-08-06,0.32141328,0.3285619,0.31669262,0.30334395,0.29878125,0.29113498,0.26838058,0.3049502670764923,0.017509088746553946,0.30711434142930166,0.29502335
2016-08-07,0.31067356,0.32141328,0.3285619,0.31669262,0.29019618,0.31283104,0.2635117,0.30787560769489836,0.016302243548683613,0.3069602357489722,0.29355162
2016-08-08,0.30162993,0.31067356,0.32141328,0.3285619,0.28374794,0.3127026,0.25928956,0.31043017762047903,0.012947086343236092,0.306169331073761,0.2940514
2016-08-09,0.29502335,0.30162993,0.31067356,0.32141328,0.290696,0.30871123,0.2566297,0.31104837145124165,0.011909516096240554,0.3051916254418237,0.29817268
2016-08-10,0.29355162,0.29502335,0.30162993,0.31067356,0.30334395,0.30954343,0.2521448,0.3096494674682617,0.013441843929567645,0.3040493535143988,0.298703
2016-08-11,0.2940514,0.29355162,0.29502335,0.30162993,0.31669262,0.31325293,0.24958405,0.30641500864710125,0.014168982395097124,0.3026778165783201,0.28923443
2016-08-12,0.29817268,0.2940514,0.29355162,0.29502335,0.3285619,0.30912644,0.26123482,0.30207369157246183,0.010408988005328116,0.30189540556498934,0.2818202
2016-08-13,0.298703,0.29817268,0.2940514,0.29355162,0.32141328,0.29878125,0.2796774,0.29882936818259104,0.005968592574414575,0.30188981762954165,0.2756073
2016-08-14,0.28923443,0.298703,0.29817268,0.2940514,0.31067356,0.29019618,0.27989978,0.2957666346005031,0.00407962581834402,0.3018211211477007,0.26923007
2016-08-15,0.2818202,0.28923443,0.298703,0.29817268,0.30162993,0.28374794,0.27301568,0.2929366741861616,0.005829864596328237,0.3016834259033203,0.26371667
2016-08-16,0.2756073,0.2818202,0.28923443,0.298703,0.29502335,0.290696,0.26791292,0.29016295075416565,0.008621895975102448,0.30060566110270365,0.25917292
2016-08-17,0.26923007,0.2756073,0.2818202,0.28923443,0.29355162,0.30334395,0.26303062,0.28668844274112154,0.011461672262035089,0.29816895510469166,0.2618107
2016-08-18,0.26371667,0.26923007,0.2756073,0.2818202,0.2940514,0.31669262,0.2574675,0.2823549083300999,0.013724990066117371,0.2943849584886006,0.27200723
2016-08-19,0.25917292,0.26371667,0.26923007,0.2756073,0.29817268,0.3285619,0.25214526,0.2767835131713322,0.01414314777915445,0.289428602371897,0.26967692
2016-08-20,0.2618107,0.25917292,0.26371667,0.26923007,0.298703,0.32141328,0.2610993,0.271513181073325,0.01117629818394572,0.28517127462795805,0.26370746
2016-08-21,0.27200723,0.2618107,0.25917292,0.26371667,0.28923443,0.31067356,0.28186864,0.26905215212277006,0.008095910841948531,0.28240939336163656,0.25780138
2016-08-22,0.26967692,0.27200723,0.2618107,0.25917292,0.2818202,0.30162993,0.29113498,0.26731739725385395,0.0059099366312911515,0.28012703572000774,0.2526219
2016-08-23,0.26370746,0.26967692,0.27200723,0.2618107,0.2756073,0.29502335,0.31283104,0.2656174216951643,0.004719534852619788,0.27789018622466494,0.24838617
2016-08-24,0.25780138,0.26370746,0.26967692,0.27200723,0.26923007,0.29355162,0.3127026,0.2639847525528499,0.005212549499274507,0.27533659764698576,0.24430111
2016-08-25,0.2526219,0.25780138,0.26370746,0.26967692,0.26371667,0.2940514,0.30871123,0.26239978415625437,0.006763652318361102,0.27237734624317717,0.24015994
2016-08-26,0.24838617,0.2526219,0.25780138,0.26370746,0.25917292,0.29817268,0.30954343,0.26085882101740154,0.008600664375180702,0.2688211670943669,0.23578675
2016-08-27,0.24430111,0.24838617,0.2526219,0.25780138,0.2618107,0.298703,0.31325293,0.2583574524947575,0.010593098203300655,0.26493531678404125,0.23278733
2016-08-28,0.24015994,0.24430111,0.24838617,0.2526219,0.27200723,0.28923443,0.30912644,0.25380784060273853,0.01059262780207273,0.26142999636275427,0.23011704
2016-08-29,0.23578675,0.24015994,0.24430111,0.24838617,0.26967692,0.2818202,0.29878125,0.2489663873400007,0.009849507333511164,0.2581418922969273,0.2272718
2016-08-30,0.23278733,0.23578675,0.24015994,0.24430111,0.26370746,0.2756073,0.29019618,0.24454922548362187,0.009036595688996717,0.25508332358939306,0.2252183
2016-08-31,0.23011704,0.23278733,0.23578675,0.24015994,0.25780138,0.26923007,0.28374794,0.24059431893484934,0.008297988808492151,0.2522895357438496,0.22269574
2016-09-01,0.2272718,0.23011704,0.23278733,0.23578675,0.2526219,0.26371667,0.290696,0.23697287695748465,0.007682914029724561,0.2496863305568695,0.24076417
2016-09-02,0.2252183,0.2272718,0.23011704,0.23278733,0.24838617,0.25917292,0.30334395,0.23366318004471914,0.006896752438667269,0.24726100053106034,0.26287645
2016-09-03,0.22269574,0.2252183,0.2272718,0.23011704,0.24430111,0.2618107,0.31669262,0.23057669826916286,0.006134951721585402,0.2444670753819602,0.25759837
2016-09-04,0.24076417,0.22269574,0.2252183,0.2272718,0.24015994,0.27200723,0.3285619,0.2306630164384842,0.006294437296643638,0.24223542852061136,0.25166142
2016-09-05,0.26287645,0.24076417,0.22269574,0.2252183,0.23578675,0.26967692,0.32141328,0.23453297359602793,0.013810240033900517,0.24174968046801432,0.2466441
2016-09-06,0.25759837,0.26287645,0.24076417,0.22269574,0.23278733,0.26370746,0.31067356,0.2380774085010801,0.01625505299553709,0.24131331699235098,0.24155621
2016-09-07,0.25166142,0.25759837,0.26287645,0.24076417,0.23011704,0.25780138,0.30162993,0.24115517735481262,0.016533852767923202,0.24087474814483098,0.23837404
2016-09-08,0.2466441,0.25166142,0.25759837,0.26287645,0.2272718,0.2526219,0.29502335,0.24392264868531907,0.015405504186775092,0.24044776282140187,0.235272
2016-09-09,0.24155621,0.2466441,0.25166142,0.25759837,0.2252183,0.24838617,0.29355162,0.24625663672174727,0.013175685106047897,0.2399599083832332,0.23278812
2016-09-10,0.23837404,0.24155621,0.2466441,0.25166142,0.22269574,0.24430111,0.2940514,0.24849639407226018,0.009251088861077178,0.23953654617071152,0.22953343
2016-09-11,0.235272,0.23837404,0.24155621,0.2466441,0.24076417,0.24015994,0.29817268,0.2477117989744459,0.010200358899232835,0.23918740770646504,0.22654457
2016-09-12,0.23278812,0.235272,0.23837404,0.24155621,0.26287645,0.23578675,0.298703,0.24341346536363875,0.0090157628350975,0.23897321947983333,0.23051052
2016-09-13,0.22953343,0.23278812,0.235272,0.23837404,0.25759837,0.23278733,0.28923443,0.2394041887351445,0.007816942369014363,0.2387407986181123,0.23839816
2016-09-14,0.22654457,0.22953343,0.23278812,0.235272,0.25166142,0.23011704,0.2818202,0.23581606788294657,0.0069717911116430305,0.2384856226188796,0.26346216
2016-09-15,0.23051052,0.22654457,0.22953343,0.23278812,0.2466441,0.2272718,0.2756073,0.23351127122129714,0.005249655734984339,0.2387169599533081,0.2987375
2016-09-16,0.23839816,0.23051052,0.22654457,0.22953343,0.24155621,0.2252183,0.26923007,0.23306012153625488,0.004529334180511452,0.23965837912900106,0.30239713
2016-09-17,0.26346216,0.23839816,0.23051052,0.22654457,0.23837404,0.22269574,0.26371667,0.23664413818291255,0.012444670613144283,0.24257026612758636,0.2958049
2016-09-18,0.2987375,0.26346216,0.23839816,0.23051052,0.235272,0.24076417,0.25917292,0.24571063688823155,0.026481161611520126,0.2467112179313387,0.2875407
2016-09-19,0.30239713,0.2987375,0.26346216,0.23839816,0.23278812,0.26287645,0.2618107,0.25565478205680847,0.033069816363708565,0.2495341237102236,0.2814476
2016-09-20,0.2958049,0.30239713,0.2987375,0.26346216,0.22953343,0.25759837,0.27200723,0.2651221326419285,0.03382298926157525,0.2522631606885365,0.27604523
2016-09-21,0.2875407,0.2958049,0.30239713,0.2987375,0.22654457,0.25166142,0.26967692,0.273835865514619,0.029851934430669202,0.25482596669878277,0.27137905
2016-09-22,0.2814476,0.2875407,0.2958049,0.30239713,0.23051052,0.2466441,0.26370746,0.2811125900064196,0.022938415738313286,0.2573119306138584,0.2670675
2016-09-23,0.27604523,0.2814476,0.2875407,0.2958049,0.23839816,0.24155621,0.25780138,0.28649074264935087,0.013878699386932116,0.25977543209280285,0.2632812
2016-09-24,0.27137905,0.27604523,0.2814476,0.2875407,0.26346216,0.23837404,0.2526219,0.28762172801154,0.011865940267077471,0.2621329330972263,0.26052755
2016-09-25,0.2670675,0.27137905,0.27604523,0.2814476,0.2987375,0.235272,0.24838617,0.2830974417073386,0.012912754555362888,0.26440403929778505,0.25741857
2016-09-26,0.2632812,0.2670675,0.27137905,0.27604523,0.30239713,0.23278812,0.24430111,0.2775094509124756,0.011561872908473849,0.26658211648464203,0.2542159
2016-09-27,0.26052755,0.2632812,0.2670675,0.27137905,0.2958049,0.22953343,0.24015994,0.27246983136449543,0.00981443643078224,0.268795982003212,0.25217006
2016-09-28,0.25741857,0.26052755,0.2632812,0.2670675,0.2875407,0.22654457,0.23578675,0.26816666977746145,0.008638361690196177,0.2710012676460402,0.2626461
2016-09-29,0.2542159,0.25741857,0.26052755,0.2632812,0.2814476,0.23051052,0.23278733,0.2642764278820583,0.007746301714713009,0.2726945089442389,0.26905948
2016-09-30,0.25217006,0.2542159,0.25741857,0.26052755,0.27604523,0.23839816,0.23011704,0.2608656883239746,0.0069120498002213935,0.2736782154866627,0.26851004
2016-10-01,0.2626461,0.25217006,0.2542159,0.25741857,0.27137905,0.26346216,0.2272718,0.25961812479155405,0.005297841373376098,0.27361992640154703,0.2671649
2016-10-02,0.26905948,0.2626461,0.25217006,0.2542159,0.2670675,0.2987375,0.2252183,0.25990269439561026,0.00579485378182415,0.2715000680514744,0.26327592
2016-10-03,0.26851004,0.26905948,0.2626461,0.25217006,0.2632812,0.30239713,0.22269574,0.26064967257635935,0.006585948836886154,0.26907956174441744,0.26042753
2016-10-04,0.2671649,0.26851004,0.26905948,0.2626461,0.26052755,0.2958049,0.24076417,0.26159786326544626,0.007028370670623477,0.2670338473149708,0.25873107
2016-10-05,0.26327592,0.2671649,0.26851004,0.26905948,0.25741857,0.2875407,0.26287645,0.2624346273286002,0.006792595944624898,0.2653006485530308,0.26108953
2016-10-06,0.26042753,0.26327592,0.2671649,0.26851004,0.2542159,0.2814476,0.25759837,0.2633220042501177,0.005885079611115282,0.26379921606608797,0.26306015
2016-10-07,0.25873107,0.26042753,0.26327592,0.2671649,0.25217006,0.27604523,0.25166142,0.26425929154668537,0.00404899525762932,0.26256248993533,0.2612528
2016-10-08,0.26108953,0.25873107,0.26042753,0.26327592,0.2626461,0.27137905,0.2466441,0.2640369236469269,0.004192553924973816,0.26182752421924044,0.25929278
2016-10-09,0.26306015,0.26108953,0.25873107,0.26042753,0.26905948,0.2670675,0.24155621,0.2631798769746508,0.0035602285660668418,0.2615412856851305,0.2577672
2016-10-10,0.2612528,0.26306015,0.26108953,0.25873107,0.26851004,0.2632812,0.23837404,0.26214312655585154,0.0027027883661037595,0.26139639956610544,0.25734636
2016-10-11,0.25929278,0.2612528,0.26306015,0.26108953,0.2671649,0.26052755,0.235272,0.26101854017802645,0.0017264572562650817,0.26130820172173636,0.25630924
2016-10-12,0.2577672,0.25929278,0.2612528,0.26306015,0.26327592,0.25741857,0.23278812,0.26023158005305697,0.0017806470941527013,0.26133310369082857,0.2553733
2016-10-13,0.25734636,0.2577672,0.25929278,0.2612528,0.26042753,0.2542159,0.22953343,0.2597914125238146,0.0020798268366252442,0.26155670838696615,0.25437048
2016-10-14,0.25630924,0.25734636,0.2577672,0.25929278,0.25873107,0.25217006,0.22654457,0.25944543736321585,0.0024534795774299764,0.2618523644549506,0.25473806
2016-10-15,0.2553733,0.25630924,0.25734636,0.2577672,0.26108953,0.2626461,0.23051052,0.25862883244241985,0.0027485973566090606,0.26133287804467337,0.25690156
2016-10-16,0.25437048,0.2553733,0.25630924,0.25734636,0.26306015,0.26905948,0.23839816,0.25738745076315744,0.0023465750378328086,0.2602836638689041,0.26926047
2016-10-17,0.25473806,0.25437048,0.2553733,0.25630924,0.2612528,0.26851004,0.26346216,0.25645677532468525,0.0017820303884874824,0.25929995094026836,0.29094186
2016-10-18,0.25690156,0.25473806,0.25437048,0.2553733,0.25929278,0.2671649,0.2987375,0.25611517259052824,0.0013160453399780356,0.25856685638427734,0.29658934
2016-10-19,0.26926047,0.25690156,0.25473806,0.25437048,0.2577672,0.26327592,0.30239713,0.2577570676803589,0.0051895834920054305,0.25899432386670795,0.29859543
2016-10-20,0.29094186,0.26926047,0.25690156,0.25473806,0.25734636,0.26042753,0.2958049,0.2625564251627241,0.01354877534113521,0.26117391884326935,0.3005591
2016-10-21,0.29658934,0.29094186,0.26926047,0.25690156,0.25630924,0.25873107,0.2875407,0.2683107256889343,0.01820642909952147,0.2638780815260751,0.31321123
2016-10-22,0.29859543,0.29658934,0.29094186,0.26926047,0.2553733,0.26108953,0.2814476,0.27448531559535433,0.02029676351832609,0.2665570740188871,0.33406097
2016-10-23,0.3005591,0.29859543,0.29658934,0.29094186,0.25437048,0.26306015,0.27604523,0.28108369026865276,0.02017514003631975,0.26923557051590513,0.3313138
2016-10-24,0.31321123,0.3005591,0.29859543,0.29658934,0.25473806,0.2612528,0.27137905,0.28943700024059843,0.019544223397360432,0.2729468877826418,0.32255688
2016-10-25,0.33406097,0.31321123,0.3005591,0.29859543,0.25690156,0.25929278,0.2670675,0.30045977234840393,0.019891761919607613,0.27828747246946606,0.31748217
2016-10-26,0.3313138,0.33406097,0.31321123,0.3005591,0.26926047,0.2577672,0.2632812,0.3093245327472687,0.017332911572287817,0.2835408002138138,0.31311366
2016-10-27,0.32255688,0.3313138,0.33406097,0.31321123,0.29094186,0.25734636,0.26052755,0.3138409640107836,0.015795381586065232,0.28819869458675385,0.30907178
2016-10-28,0.31748217,0.32255688,0.3313138,0.33406097,0.29658934,0.25630924,0.25741857,0.3168256538254874,0.013845853183820872,0.2925681897572109,0.3057149
2016-10-29,0.31311366,0.31748217,0.32255688,0.3313138,0.29859543,0.2553733,0.2542159,0.31889968684741427,0.011558347602822578,0.2966925012213843,0.30284566
2016-10-30,0.30907178,0.31311366,0.31748217,0.32255688,0.3005591,0.25437048,0.25217006,0.32011578338486807,0.009586717635345935,0.30059973682676044,0.30644426
2016-10-31,0.3057149,0.30907178,0.31311366,0.31748217,0.31321123,0.25473806,0.2626461,0.3190448795046125,0.010825244808698717,0.3042409398726055,0.31048122
2016-11-01,0.30284566,0.3057149,0.30907178,0.31311366,0.33406097,0.25690156,0.26905948,0.3145855494907924,0.010007065112441017,0.3075226609195982,0.3076263
2016-11-02,0.30644426,0.30284566,0.3057149,0.30907178,0.3313138,0.26926047,0.26851004,0.3110327592917851,0.007058547153283674,0.3101786460195269,0.33134538
2016-11-03,0.31048122,0.30644426,0.30284566,0.3057149,0.32255688,0.29094186,0.2671649,0.30930766463279724,0.004926216127335819,0.31157431432179045,0.34874648
2016-11-04,0.3076263,0.31048122,0.30644426,0.30284566,0.31748217,0.29658934,0.26327592,0.30789968371391296,0.003359889117511175,0.3123626687697002,0.34574756
2016-11-05,0.33134538,0.3076263,0.31048122,0.30644426,0.31311366,0.29859543,0.26042753,0.3105042151042393,0.009511073740450694,0.3147019509758268,0.3478393
2016-11-06,0.34874648,0.33134538,0.3076263,0.31048122,0.30907178,0.3005591,0.25873107,0.31617202929088045,0.017215851030177427,0.31814390633787426,0.35213268
2016-11-07,0.34574756,0.34874648,0.33134538,0.3076263,0.3057149,0.31321123,0.26108953,0.3218909800052643,0.019641490814739822,0.3204679297549384,0.35909176
2016-11-08,0.3478393,0.34574756,0.34874648,0.33134538,0.30284566,0.33406097,0.26306015,0.32831864271845135,0.019732020489226478,0.3214520961046219,0.377736
2016-11-09,0.35213268,0.3478393,0.34574756,0.34874648,0.30644426,0.3313138,0.2612528,0.33484555993761334,0.018826093620080277,0.3229391596146992,0.37068513
2016-11-10,0.35909176,0.35213268,0.3478393,0.34574756,0.31048122,0.32255688,0.25929278,0.3417899225439344,0.017239580044470893,0.3255487935883658,0.36033133
2016-11-11,0.377736,0.35909176,0.35213268,0.3478393,0.3076263,0.31748217,0.2577672,0.3518055932862418,0.01417739465107125,0.3298526385000774,0.35568517
2016-11-12,0.37068513,0.377736,0.35909176,0.35213268,0.33134538,0.31311366,0.25734636,0.3574255577155522,0.01240107306559173,0.33396488640989574,0.36588782
2016-11-13,0.36033133,0.37068513,0.377736,0.35909176,0.34874648,0.30907178,0.25630924,0.3590805360249111,0.011808641504795794,0.3376262826578958,0.37579507
2016-11-14,0.35568517,0.36033133,0.37068513,0.377736,0.34574756,0.3057149,0.2553733,0.3605001951966967,0.010458778588897875,0.3411955876009805,0.37180144
2016-11-15,0.36588782,0.35568517,0.36033133,0.37068513,0.3478393,0.30284566,0.25437048,0.36307855589049204,0.008930367921078344,0.3456985993044717,0.3722399
2016-11-16,0.37579507,0.36588782,0.35568517,0.36033133,0.35213268,0.30644426,0.25473806,0.3664588970797403,0.00856756750470672,0.3506522285086768,0.3733481
2016-11-17,0.37180144,0.37579507,0.36588782,0.35568517,0.35909176,0.31048122,0.25690156,0.3682745652539389,0.00807888931427688,0.3550322438989367,0.3678467
2016-11-18,0.3722399,0.37180144,0.37579507,0.36588782,0.377736,0.3076263,0.26926047,0.3674894060407366,0.007228420567290891,0.3596474996634892,0.3611918
2016-11-19,0.3733481,0.3722399,0.37180144,0.37579507,0.37068513,0.33134538,0.29094186,0.36786982842854093,0.007489980246457624,0.36264769307204653,0.357835
2016-11-20,0.3678467,0.3733481,0.3722399,0.37180144,0.36033133,0.34874648,0.29658934,0.368943452835083,0.00672930984652718,0.36401199442999704,0.35525966
2016-11-21,0.3611918,0.3678467,0.3733481,0.3722399,0.35568517,0.34574756,0.29859543,0.3697301149368286,0.005027853075435732,0.3651151550667627,0.3507117
2016-11-22,0.357835,0.3611918,0.3678467,0.3733481,0.36588782,0.3478393,0.3005591,0.36857971123286654,0.006697543043391165,0.3658291335616793,0.34666997
2016-11-23,0.35525966,0.357835,0.3611918,0.3678467,0.37579507,0.35213268,0.31321123,0.3656460813113621,0.007463932196446149,0.36605248919555117,0.3423993
2016-11-24,0.3507117,0.35525966,0.357835,0.3611918,0.37180144,0.35909176,0.33406097,0.362633262361799,0.008716549515293338,0.36545391380786896,0.339183
2016-11-25,0.34666997,0.3507117,0.35525966,0.357835,0.3722399,0.377736,0.3313138,0.3589804172515869,0.009354195682990356,0.3632349116461618,0.33703148
2016-11-26,0.3423993,0.34666997,0.3507117,0.35525966,0.3733481,0.37068513,0.32255688,0.3545591618333544,0.008724266029636631,0.36121449513094767,0.3350757
2016-11-27,0.339183,0.3423993,0.34666997,0.3507117,0.3678467,0.36033133,0.31748217,0.35046434828213285,0.008156511548586104,0.3597039005586079,0.33417886
2016-11-28,0.33703148,0.339183,0.3423993,0.34666997,0.3611918,0.35568517,0.31311366,0.3470128732068198,0.007970223307671834,0.3583714940718242,0.33413526
2016-11-29,0.3350757,0.33703148,0.339183,0.3423993,0.357835,0.36588782,0.30907178,0.34376154627118793,0.007444533889969852,0.35617062875202726,0.33623236
2016-11-30,0.33417886,0.3350757,0.33703148,0.339183,0.35525966,0.37579507,0.3057149,0.3407500045640128,0.006173357512624678,0.3531980429376875,0.33894807
2016-12-01,0.33413526,0.33417886,0.3350757,0.33703148,0.3507117,0.37180144,0.30284566,0.3383819418294089,0.004724534527099489,0.35050760209560394,0.33596882
2016-12-02,0.33623236,0.33413526,0.33417886,0.3350757,0.34666997,0.3722399,0.30644426,0.33689085500580923,0.0030081339868344363,0.3479356361286981,0.33535975
2016-12-03,0.33894807,0.33623236,0.33413526,0.33417886,0.3423993,0.3733481,0.31048122,0.3363978224141257,0.0021008265583025037,0.34547849212374004,0.33486795
2016-12-04,0.33596882,0.33894807,0.33623236,0.33413526,0.339183,0.3678467,0.3076263,0.3359386537756239,0.001704493784313679,0.34320150102887836,0.33399945
2016-12-05,0.33535975,0.33596882,0.33894807,0.33623236,0.33703148,0.3611918,0.33134538,0.3356998349939074,0.0016418182712979405,0.3413563541003636,0.33332607
2016-12-06,0.33486795,0.33535975,0.33596882,0.33894807,0.3350757,0.357835,0.34874648,0.3356701561382839,0.0016567903932312913,0.3397158512047359,0.33327523
2016-12-07,0.33399945,0.33486795,0.33535975,0.33596882,0.33417886,0.35525966,0.34574756,0.33564452614103046,0.0016848551446749904,0.33819726535252165,0.33278966
2016-12-08,0.33332607,0.33399945,0.33486795,0.33535975,0.33413526,0.3507117,0.3478393,0.3355289271899632,0.0018273952097201706,0.33695543450968607,0.33500418
2016-12-09,0.33327523,0.33332607,0.33399945,0.33486795,0.33623236,0.34666997,0.35213268,0.3351064792701176,0.0019736318853532816,0.33599866713796345,0.33800262
2016-12-10,0.33278966,0.33327523,0.33332607,0.33399945,0.33894807,0.3423993,0.35909176,0.3342267061982836,0.001194651909736853,0.33531226430620464,0.33953768
2016-12-11,0.33500418,0.33278966,0.33327523,0.33332607,0.33596882,0.339183,0.377736,0.3340889002595629,0.000999977001697263,0.3350137770175934,0.3431725
2016-12-12,0.33800262,0.33500418,0.33278966,0.33327523,0.33535975,0.33703148,0.37068513,0.3344664531094687,0.001765599766037019,0.33508314405168804,0.33847147
2016-12-13,0.33953768,0.33800262,0.33500418,0.33278966,0.33486795,0.3350757,0.36033133,0.3351335568087442,0.0026186830119342454,0.335401856473514,0.33526835
2016-12-14,0.3431725,0.33953768,0.33800262,0.33500418,0.33399945,0.33417886,0.35568517,0.3364439904689789,0.003925612884975142,0.3360442583050047,0.33338413
2016-12-15,0.33847147,0.3431725,0.33953768,0.33800262,0.33332607,0.33413526,0.36588782,0.3371790477207729,0.003720880691592098,0.33635398745536804,0.33418724
2016-12-16,0.33526835,0.33847147,0.3431725,0.33953768,0.33327523,0.33623236,0.37579507,0.33746377910886494,0.003437857472837761,0.33628512918949127,0.33609644
2016-12-17,0.33338413,0.33526835,0.33847147,0.3431725,0.33278966,0.33894807,0.37180144,0.33754870295524597,0.003308042510542538,0.3358877045767648,0.33316165
2016-12-18,0.33418724,0.33338413,0.33526835,0.33847147,0.33500418,0.33596882,0.3722399,0.33743199706077576,0.0034251124838864705,0.33576044866016935,0.33197075
2016-12-19,0.33609644,0.33418724,0.33338413,0.33526835,0.33800262,0.33535975,0.3733481,0.33715968472617014,0.003447883555273604,0.3358130689178194,0.33739576
2016-12-20,0.33316165,0.33609644,0.33418724,0.33338413,0.33953768,0.33486795,0.3678467,0.3362488235746111,0.0035554918212440463,0.33569119019167765,0.3428781
2016-12-21,0.33197075,0.33316165,0.33609644,0.33418724,0.3431725,0.33399945,0.3611918,0.3346485751015799,0.002171339977762863,0.3355462827852794,0.3410998
2016-12-22,0.33739576,0.33197075,0.33316165,0.33609644,0.33847147,0.33332607,0.357835,0.3344949015549251,0.0018732975806900866,0.335836974637849,0.3434978
2016-12-23,0.3428781,0.33739576,0.33197075,0.33316165,0.33526835,0.33327523,0.35525966,0.3355820093836103,0.003707260659691647,0.3365228942462376,0.34311217
2016-12-24,0.3410998,0.3428781,0.33739576,0.33197075,0.33338413,0.33278966,0.3507117,0.33668424827711924,0.004073767395510835,0.3371164756161826,0.3415193
2016-12-25,0.3434978,0.3410998,0.3428781,0.33739576,0.33418724,0.33500418,0.34666997,0.3380143301827567,0.0046075891587444495,0.33772316362176624,0.3386952
2016-12-26,0.34311217,0.3434978,0.3410998,0.3428781,0.33609644,0.33800262,0.3423993,0.33901657802718027,0.004876088270400002,0.3380881313766752,0.33613014
2016-12-27,0.3415193,0.34311217,0.3434978,0.3410998,0.33316165,0.33953768,0.339183,0.34021052718162537,0.004176566755682694,0.33822967537811827,0.33433035
2016-12-28,0.3386952,0.3415193,0.34311217,0.3434978,0.33197075,0.3431725,0.33703148,0.34117116246904644,0.0023311239388451054,0.3379098687853132,0.3329888
