model,configuration,experiment,selection_basis,rmse_mean,rmse_std,rmse_ci95,mae_mean,mae_std,mae_ci95,r2_mean,r2_std,r2_ci95,test_prediction_rows,test_unique_keys,test_station_count,test_stations
ARIMA,safe180 classical baseline,arima__safe180,single configured run,0.2709404686129775,0.0273673343571429,0.0379291903055933,0.2564460935036318,0.0245438347527434,0.0340160195003743,-12.24447794071269,1.2210438803930734,1.6922804795864648,47226,47226,2,"Gevenich,Merzenhausen"
CatBoost,best saved confirmation-tree run,baseline_limited__confirm,preselected repeated-seed experiment,0.0286405262602436,1.1597222855998594e-05,1.3123493086015223e-05,0.0178393846202252,4.466961579748314e-05,5.054842882233714e-05,0.8593636361514401,0.0001139051718636,0.0001288958360096,28671,9557,3,"Gevenich,Merzenhausen,Selhausen"
GRU,"lookback=168, repaired40 repeated-seed run",gru__repaired40,preselected repeated-seed experiment,0.0277100587875224,3.2819743381920506e-05,3.713903584552104e-05,0.0190006009243415,3.130475774991183e-05,3.542466821510214e-05,0.881439805695997,0.0002807944559595,0.000317748839281,12909,4303,3,"Gevenich,Merzenhausen,Selhausen"
KNN,"baseline_limited, neighbor_count=13",baseline_limited__light,neighbor_count chosen on validation RMSE; test row reported,0.0366586691374811,0.0,0.0,0.0256212794843678,0.0,0.0,0.769596547408947,0.0,0.0,9557,9557,3,"Gevenich,Merzenhausen,Selhausen"
LSTM,"lookback=168, repaired40 repeated-seed run",lstm__repaired40,preselected repeated-seed experiment,0.0268631917945078,0.0007795479188915,0.0008821415136037,0.018570610778828,0.0006463372759354,0.0007313994804872,0.8885134244264571,0.0064144635574959,0.0072586488327895,12909,4303,3,"Gevenich,Merzenhausen,Selhausen"
LightGBM,full_multiscale repeated-seed run,full_multiscale__full,preselected repeated-seed experiment,0.029127565346995,0.0003845271406737,0.0004351334224302,0.0189040749684357,0.00038995153978,0.0004412717078673,0.8545229717513658,0.0038290447340648,0.0043329720155848,28671,9557,3,"Gevenich,Merzenhausen,Selhausen"
Prophet,safe classical baseline,prophet__safe,single configured run,0.0688247773057328,0.0203955014039225,0.0230796825225916,0.0557293718258384,0.0175638908879493,0.0198754135790625,0.0818025480969508,0.3086677193223739,0.3492904060482041,68546,68546,3,"Gevenich,Merzenhausen,Selhausen"
Stacking,linear stack,stack_linear__xgb_lstm_linear,validation-fit aligned ensemble,0.0216192727488089,0.0,0.0,0.0139321406760266,0.0,0.0,0.9280101186611756,0.0,0.0,4266,4266,3,"Gevenich,Merzenhausen,Selhausen"
XGBoost,full_multiscale repeated-seed run,full_multiscale,preselected repeated-seed experiment,0.0284718371518894,0.0003356418552975,0.0002942030577794,0.0172290507771423,0.0002020083681123,0.0001770681417042,0.860999981922351,0.0032658972271584,0.0028626851373221,47785,9557,3,"Gevenich,Merzenhausen,Selhausen"
